Label (Grouping),South Carolina!!Estimate,South Carolina!!Percent,"Alamance County, North Carolina!!Estimate","Alamance County, North Carolina!!Percent","Alexander County, North Carolina!!Estimate","Alexander County, North Carolina!!Percent","Alleghany County, North Carolina!!Estimate","Alleghany County, North Carolina!!Percent","Anson County, North Carolina!!Estimate","Anson County, North Carolina!!Percent","Ashe County, North Carolina!!Estimate","Ashe County, North Carolina!!Percent","Avery County, North Carolina!!Estimate","Avery County, North Carolina!!Percent","Beaufort County, North Carolina!!Estimate","Beaufort County, North Carolina!!Percent","Bertie County, North Carolina!!Estimate","Bertie County, North Carolina!!Percent","Bladen County, North Carolina!!Estimate","Bladen County, North Carolina!!Percent","Brunswick County, North Carolina!!Estimate","Brunswick County, North Carolina!!Percent","Buncombe County, North Carolina!!Estimate","Buncombe County, North Carolina!!Percent","Burke County, North Carolina!!Estimate","Burke County, North Carolina!!Percent","Cabarrus County, North Carolina!!Estimate","Cabarrus County, North Carolina!!Percent","Caldwell County, North Carolina!!Estimate","Caldwell County, North Carolina!!Percent","Camden County, North Carolina!!Estimate","Camden County, North Carolina!!Percent","Carteret County, North Carolina!!Estimate","Carteret County, North Carolina!!Percent","Caswell County, North Carolina!!Estimate","Caswell County, North Carolina!!Percent","Catawba County, North Carolina!!Estimate","Catawba County, North Carolina!!Percent","Chatham County, North Carolina!!Estimate","Chatham County, North Carolina!!Percent","Cherokee County, North Carolina!!Estimate","Cherokee County, North Carolina!!Percent","Chowan County, North Carolina!!Estimate","Chowan County, North Carolina!!Percent","Clay County, North Carolina!!Estimate","Clay County, North Carolina!!Percent","Cleveland County, North Carolina!!Estimate","Cleveland County, North Carolina!!Percent","Columbus County, North Carolina!!Estimate","Columbus County, North Carolina!!Percent","Craven County, North Carolina!!Estimate","Craven County, North Carolina!!Percent","Cumberland County, North Carolina!!Estimate","Cumberland County, North Carolina!!Percent","Currituck County, North Carolina!!Estimate","Currituck County, North Carolina!!Percent","Dare County, North Carolina!!Estimate","Dare County, North Carolina!!Percent","Davidson County, North Carolina!!Estimate","Davidson County, North Carolina!!Percent","Davie County, North Carolina!!Estimate","Davie County, North Carolina!!Percent","Duplin County, North Carolina!!Estimate","Duplin County, North Carolina!!Percent","Durham County, North Carolina!!Estimate","Durham County, North Carolina!!Percent","Edgecombe County, North Carolina!!Estimate","Edgecombe County, North Carolina!!Percent","Forsyth County, North Carolina!!Estimate","Forsyth County, North Carolina!!Percent","Franklin County, North Carolina!!Estimate","Franklin County, North Carolina!!Percent","Gaston County, North Carolina!!Estimate","Gaston County, North Carolina!!Percent","Gates County, North Carolina!!Estimate","Gates County, North Carolina!!Percent","Graham County, North Carolina!!Estimate","Graham County, North Carolina!!Percent","Granville County, North Carolina!!Estimate","Granville County, North Carolina!!Percent","Greene County, North Carolina!!Estimate","Greene County, North Carolina!!Percent","Guilford County, North Carolina!!Estimate","Guilford County, North Carolina!!Percent","Halifax County, North Carolina!!Estimate","Halifax County, North Carolina!!Percent","Harnett County, North Carolina!!Estimate","Harnett County, North Carolina!!Percent","Haywood County, North Carolina!!Estimate","Haywood County, North Carolina!!Percent","Henderson County, North Carolina!!Estimate","Henderson County, North Carolina!!Percent","Hertford County, North Carolina!!Estimate","Hertford County, North Carolina!!Percent","Hoke County, North Carolina!!Estimate","Hoke County, North Carolina!!Percent","Hyde County, North Carolina!!Estimate","Hyde County, North Carolina!!Percent","Iredell County, North Carolina!!Estimate","Iredell County, North Carolina!!Percent","Jackson County, North Carolina!!Estimate","Jackson County, North Carolina!!Percent","Johnston County, North Carolina!!Estimate","Johnston County, North Carolina!!Percent","Jones County, North Carolina!!Estimate","Jones County, North Carolina!!Percent","Lee County, North Carolina!!Estimate","Lee County, North Carolina!!Percent","Lenoir County, North Carolina!!Estimate","Lenoir County, North Carolina!!Percent","Lincoln County, North Carolina!!Estimate","Lincoln County, North Carolina!!Percent","McDowell County, North Carolina!!Estimate","McDowell County, North Carolina!!Percent","Macon County, North Carolina!!Estimate","Macon County, North Carolina!!Percent","Madison County, North Carolina!!Estimate","Madison County, North Carolina!!Percent","Martin County, North Carolina!!Estimate","Martin County, North Carolina!!Percent","Mecklenburg County, North Carolina!!Estimate","Mecklenburg County, North Carolina!!Percent","Mitchell County, North Carolina!!Estimate","Mitchell County, North Carolina!!Percent","Montgomery County, North Carolina!!Estimate","Montgomery County, North Carolina!!Percent","Moore County, North Carolina!!Estimate","Moore County, North Carolina!!Percent","Nash County, North Carolina!!Estimate","Nash County, North Carolina!!Percent","New Hanover County, North Carolina!!Estimate","New Hanover County, North Carolina!!Percent","Northampton County, North Carolina!!Estimate","Northampton County, North Carolina!!Percent","Onslow County, North Carolina!!Estimate","Onslow County, North Carolina!!Percent","Orange County, North Carolina!!Estimate","Orange County, North Carolina!!Percent","Pamlico County, North Carolina!!Estimate","Pamlico County, North Carolina!!Percent","Pasquotank County, North Carolina!!Estimate","Pasquotank County, North Carolina!!Percent","Pender County, North Carolina!!Estimate","Pender County, North Carolina!!Percent","Perquimans County, North Carolina!!Estimate","Perquimans County, North Carolina!!Percent","Person County, North Carolina!!Estimate","Person County, North Carolina!!Percent","Pitt County, North Carolina!!Estimate","Pitt County, North Carolina!!Percent","Polk County, North Carolina!!Estimate","Polk County, North Carolina!!Percent","Randolph County, North Carolina!!Estimate","Randolph County, North Carolina!!Percent","Richmond County, North Carolina!!Estimate","Richmond County, North Carolina!!Percent","Robeson County, North Carolina!!Estimate","Robeson County, North Carolina!!Percent","Rockingham County, North Carolina!!Estimate","Rockingham County, North Carolina!!Percent","Rowan County, North Carolina!!Estimate","Rowan County, North Carolina!!Percent","Rutherford County, North Carolina!!Estimate","Rutherford County, North Carolina!!Percent","Sampson County, North Carolina!!Estimate","Sampson County, North Carolina!!Percent","Scotland County, North Carolina!!Estimate","Scotland County, North Carolina!!Percent","Stanly County, North Carolina!!Estimate","Stanly County, North Carolina!!Percent","Stokes County, North Carolina!!Estimate","Stokes County, North Carolina!!Percent","Surry County, North Carolina!!Estimate","Surry County, North Carolina!!Percent","Swain County, North Carolina!!Estimate","Swain County, North Carolina!!Percent","Transylvania County, North Carolina!!Estimate","Transylvania County, North Carolina!!Percent","Tyrrell County, North Carolina!!Estimate","Tyrrell County, North Carolina!!Percent","Union County, North Carolina!!Estimate","Union County, North Carolina!!Percent","Vance County, North Carolina!!Estimate","Vance County, North Carolina!!Percent","Wake County, North Carolina!!Estimate","Wake County, North Carolina!!Percent","Warren County, North Carolina!!Estimate","Warren County, North Carolina!!Percent","Washington County, North Carolina!!Estimate","Washington County, North Carolina!!Percent","Watauga County, North Carolina!!Estimate","Watauga County, North Carolina!!Percent","Wayne County, North Carolina!!Estimate","Wayne County, North Carolina!!Percent","Wilkes County, North Carolina!!Estimate","Wilkes County, North Carolina!!Percent","Wilson County, North Carolina!!Estimate","Wilson County, North Carolina!!Percent","Yadkin County, North Carolina!!Estimate","Yadkin County, North Carolina!!Percent","Yancey County, North Carolina!!Estimate","Yancey County, North Carolina!!Percent","Abbeville County, South Carolina!!Estimate","Abbeville County, South Carolina!!Percent","Aiken County, South Carolina!!Estimate","Aiken County, South Carolina!!Percent","Allendale County, South Carolina!!Estimate","Allendale County, South Carolina!!Percent","Anderson County, South Carolina!!Estimate","Anderson County, South Carolina!!Percent","Bamberg County, South Carolina!!Estimate","Bamberg County, South Carolina!!Percent","Barnwell County, South Carolina!!Estimate","Barnwell County, South Carolina!!Percent","Beaufort County, South Carolina!!Estimate","Beaufort County, South Carolina!!Percent","Berkeley County, South Carolina!!Estimate","Berkeley County, South Carolina!!Percent","Calhoun County, South Carolina!!Estimate","Calhoun County, South Carolina!!Percent","Charleston County, South Carolina!!Estimate","Charleston County, South Carolina!!Percent","Cherokee County, South Carolina!!Estimate","Cherokee County, South Carolina!!Percent","Chester County, South Carolina!!Estimate","Chester County, South Carolina!!Percent","Chesterfield County, South Carolina!!Estimate","Chesterfield County, South Carolina!!Percent","Clarendon County, South Carolina!!Estimate","Clarendon County, South Carolina!!Percent","Colleton County, South Carolina!!Estimate","Colleton County, South Carolina!!Percent","Darlington County, South Carolina!!Estimate","Darlington County, South Carolina!!Percent","Dillon County, South Carolina!!Estimate","Dillon County, South Carolina!!Percent","Dorchester County, South Carolina!!Estimate","Dorchester County, South Carolina!!Percent","Edgefield County, South Carolina!!Estimate","Edgefield County, South Carolina!!Percent","Fairfield County, South Carolina!!Estimate","Fairfield County, South Carolina!!Percent","Florence County, South Carolina!!Estimate","Florence County, South Carolina!!Percent","Georgetown County, South Carolina!!Estimate","Georgetown County, South Carolina!!Percent","Greenville County, South Carolina!!Estimate","Greenville County, South Carolina!!Percent","Greenwood County, South Carolina!!Estimate","Greenwood County, South Carolina!!Percent","Hampton County, South Carolina!!Estimate","Hampton County, South Carolina!!Percent","Horry County, South Carolina!!Estimate","Horry County, South Carolina!!Percent","Jasper County, South Carolina!!Estimate","Jasper County, South Carolina!!Percent","Kershaw County, South Carolina!!Estimate","Kershaw County, South Carolina!!Percent","Lancaster County, South Carolina!!Estimate","Lancaster County, South Carolina!!Percent","Laurens County, South Carolina!!Estimate","Laurens County, South Carolina!!Percent","Lee County, South Carolina!!Estimate","Lee County, South Carolina!!Percent","Lexington County, South Carolina!!Estimate","Lexington County, South Carolina!!Percent","McCormick County, South Carolina!!Estimate","McCormick County, South Carolina!!Percent","Marion County, South Carolina!!Estimate","Marion County, South Carolina!!Percent","Marlboro County, South Carolina!!Estimate","Marlboro County, South Carolina!!Percent","Newberry County, South Carolina!!Estimate","Newberry County, South Carolina!!Percent","Oconee County, South Carolina!!Estimate","Oconee County, South Carolina!!Percent","Orangeburg County, South Carolina!!Estimate","Orangeburg County, South Carolina!!Percent","Pickens County, South Carolina!!Estimate","Pickens County, South Carolina!!Percent","Richland County, South Carolina!!Estimate","Richland County, South Carolina!!Percent","Saluda County, South Carolina!!Estimate","Saluda County, South Carolina!!Percent","Spartanburg County, South Carolina!!Estimate","Spartanburg County, South Carolina!!Percent","Sumter County, South Carolina!!Estimate","Sumter County, South Carolina!!Percent","Union County, South Carolina!!Estimate","Union County, South Carolina!!Percent","Williamsburg County, South Carolina!!Estimate","Williamsburg County, South Carolina!!Percent","York County, South Carolina!!Estimate","York County, South Carolina!!Percent"
HOUSEHOLDS BY TYPE,,,,,,,,,,,,,,,,,,,,,,,,,,,,,,,,,,,,,,,,,,,,,,,,,,,,,,,,,,,,,,,,,,,,,,,,,,,,,,,,,,,,,,,,,,,,,,,,,,,,,,,,,,,,,,,,,,,,,,,,,,,,,,,,,,,,,,,,,,,,,,,,,,,,,,,,,,,,,,,,,,,,,,,,,,,,,,,,,,,,,,,,,,,,,,,,,,,,,,,,,,,,,,,,,,,,,,,,,,,,,,,,,,,,,,,,,,,,,,,,,,,,,,,,,,,,,,,,,,,,,,,,,,,,,,,,,,,,,,,,,,,,,,,,,,,,,,
    Total households,"2,023,085","2,023,085","67,370","67,370","13,761","13,761","4,937","4,937","8,266","8,266","11,823","11,823","6,481","6,481","18,972","18,972","6,984","6,984","11,386","11,386","60,915","60,915","102,921","102,921","35,195","35,195","76,880","76,880","32,120","32,120","3,871","3,871","30,414","30,414","8,507","8,507","64,442","64,442","31,131","31,131","12,758","12,758","6,216","6,216","4,892","4,892","36,567","36,567","19,185","19,185","41,004","41,004","126,745","126,745","11,108","11,108","16,081","16,081","67,684","67,684","16,468","16,468","20,289","20,289","135,469","135,469","19,350","19,350","153,096","153,096","26,473","26,473","90,427","90,427","4,144","4,144","3,179","3,179","21,505","21,505","6,793","6,793","212,825","212,825","20,139","20,139","47,870","47,870","26,481","26,481","49,494","49,494","8,353","8,353","18,481","18,481","2,002","2,002","72,296","72,296","17,737","17,737","79,387","79,387","3,815","3,815","24,050","24,050","22,665","22,665","34,910","34,910","18,184","18,184","17,386","17,386","8,447","8,447","9,332","9,332","446,584","446,584","6,479","6,479","9,505","9,505","41,782","41,782","37,793","37,793","99,975","99,975","7,463","7,463","71,009","71,009","55,534","55,534","5,130","5,130","15,422","15,422","23,258","23,258","5,568","5,568","16,139","16,139","72,153","72,153","8,541","8,541","55,894","55,894","16,605","16,605","42,509","42,509","38,710","38,710","56,618","56,618","26,273","26,273","21,395","21,395","12,224","12,224","23,773","23,773","18,993","18,993","28,990","28,990","5,684","5,684","14,353","14,353","1,351","1,351","80,271","80,271","16,123","16,123","430,497","430,497","7,686","7,686","4,897","4,897","21,194","21,194","46,949","46,949","27,249","27,249","32,287","32,287","14,850","14,850","7,859","7,859","9,620","9,620","67,904","67,904","3,220","3,220","80,301","80,301","4,610","4,610","8,342","8,342","76,113","76,113","86,958","86,958","5,951","5,951","171,795","171,795","21,288","21,288","12,890","12,890","17,116","17,116","11,684","11,684","15,656","15,656","25,022","25,022","10,433","10,433","59,731","59,731","9,403","9,403","8,795","8,795","52,244","52,244","26,029","26,029","210,349","210,349","27,640","27,640","7,084","7,084","142,383","142,383","11,795","11,795","25,239","25,239","37,893","37,893","25,757","25,757","6,212","6,212","118,673","118,673","3,947","3,947","11,256","11,256","9,463","9,463","15,027","15,027","33,240","33,240","32,687","32,687","50,341","50,341","162,726","162,726","7,365","7,365","125,394","125,394","40,917","40,917","11,580","11,580","11,999","11,999","109,013","109,013"
        Married-couple household,"951,952",47.10%,"31,854",47.30%,"7,728",56.20%,"2,711",54.90%,"3,040",36.80%,"6,401",54.10%,"3,593",55.40%,"9,152",48.20%,"2,835",40.60%,"4,738",41.60%,"35,469",58.20%,"47,977",46.60%,"17,751",50.40%,"43,506",56.60%,"15,304",47.60%,"2,477",64.00%,"15,651",51.50%,"4,471",52.60%,"31,704",49.20%,"17,924",57.60%,"6,553",51.40%,"2,927",47.10%,"2,588",52.90%,"17,055",46.60%,"8,210",42.80%,"20,477",49.90%,"51,574",40.70%,"6,726",60.60%,"8,250",51.30%,"35,324",52.20%,"8,896",54.00%,"10,059",49.60%,"52,157",38.50%,"7,334",37.90%,"66,265",43.30%,"14,482",54.70%,"41,998",46.40%,"2,080",50.20%,"1,662",52.30%,"11,077",51.50%,"2,744",40.40%,"89,004",41.80%,"7,875",39.10%,"24,356",50.90%,"12,998",49.10%,"26,778",54.10%,"3,184",38.10%,"8,638",46.70%,859,42.90%,"39,742",55.00%,"7,609",42.90%,"45,383",57.20%,"1,759",46.10%,"11,380",47.30%,"8,106",35.80%,"19,815",56.80%,"9,520",52.40%,"8,521",49.00%,"4,528",53.60%,"3,616",38.70%,"186,725",41.80%,"3,342",51.60%,"4,682",49.30%,"22,641",54.20%,"16,116",42.60%,"43,265",43.30%,"3,100",41.50%,"39,866",56.10%,"27,474",49.50%,"2,541",49.50%,"7,565",49.10%,"12,731",54.70%,"2,908",52.20%,"7,772",48.20%,"25,613",35.50%,"4,472",52.40%,"28,442",50.90%,"6,296",37.90%,"16,222",38.20%,"17,962",46.40%,"27,462",48.50%,"12,176",46.30%,"10,432",48.80%,"4,552",37.20%,"12,018",50.60%,"9,426",49.60%,"14,541",50.20%,"2,631",46.30%,"7,423",51.70%,681,50.40%,"53,139",66.20%,"6,043",37.50%,"221,243",51.40%,"2,928",38.10%,"1,765",36.00%,"9,016",42.50%,"20,762",44.20%,"13,680",50.20%,"13,997",43.40%,"8,029",54.10%,"4,362",55.50%,"4,678",48.60%,"33,560",49.40%,979,30.40%,"41,404",51.60%,"1,805",39.20%,"3,078",36.90%,"43,213",56.80%,"43,963",50.60%,"2,696",45.30%,"74,360",43.30%,"9,041",42.50%,"5,710",44.30%,"7,308",42.70%,"5,125",43.90%,"6,397",40.90%,"9,762",39.00%,"3,804",36.50%,"31,728",53.10%,"4,556",48.50%,"3,422",38.90%,"22,657",43.40%,"13,012",50.00%,"101,796",48.40%,"10,849",39.30%,"2,944",41.60%,"69,350",48.70%,"5,511",46.70%,"13,453",53.30%,"20,994",55.40%,"11,881",46.10%,"2,135",34.40%,"59,134",49.80%,"1,961",49.70%,"3,422",30.40%,"2,975",31.40%,"7,226",48.10%,"17,194",51.70%,"11,640",35.60%,"24,792",49.20%,"61,426",37.70%,"4,050",55.00%,"62,292",49.70%,"17,938",43.80%,"4,672",40.30%,"4,532",37.80%,"57,527",52.80%
            With children of the householder under 18 years,"326,554",16.10%,"12,038",17.90%,"2,758",20.00%,723,14.60%,878,10.60%,"1,663",14.10%,"1,061",16.40%,"2,158",11.40%,628,9.00%,"1,381",12.10%,"6,540",10.70%,"14,985",14.60%,"5,644",16.00%,"18,795",24.40%,"5,103",15.90%,"1,128",29.10%,"4,445",14.60%,"1,180",13.90%,"10,745",16.70%,"5,856",18.80%,"1,181",9.30%,803,12.90%,552,11.30%,"4,712",12.90%,"2,743",14.30%,"6,575",16.00%,"20,413",16.10%,"2,082",18.70%,"2,550",15.90%,"12,048",17.80%,"2,955",17.90%,"3,270",16.10%,"19,378",14.30%,"1,787",9.20%,"23,391",15.30%,"5,084",19.20%,"14,812",16.40%,460,11.10%,437,13.70%,"3,264",15.20%,"1,032",15.20%,"34,862",16.40%,"2,010",10.00%,"10,800",22.60%,"3,353",12.70%,"7,311",14.80%,845,10.10%,"4,024",21.80%,74,3.70%,"15,590",21.60%,"1,568",8.80%,"20,491",25.80%,482,12.60%,"3,965",16.50%,"2,457",10.80%,"6,827",19.60%,"2,913",16.00%,"2,491",14.30%,"1,401",16.60%,"1,050",11.30%,"81,699",18.30%,970,15.00%,"1,202",12.60%,"7,789",18.60%,"5,200",13.80%,"14,912",14.90%,665,8.90%,"18,376",25.90%,"11,232",20.20%,554,10.80%,"2,735",17.70%,"4,881",21.00%,667,12.00%,"2,278",14.10%,"9,723",13.50%,976,11.40%,"9,675",17.30%,"2,147",12.90%,"5,461",12.80%,"5,775",14.90%,"8,839",15.60%,"3,338",12.70%,"3,272",15.30%,"1,310",10.70%,"4,064",17.10%,"2,817",14.80%,"4,734",16.30%,818,14.40%,"1,610",11.20%,246,18.20%,"25,696",32.00%,"2,062",12.80%,"102,923",23.90%,488,6.30%,449,9.20%,"2,783",13.10%,"7,181",15.30%,"4,570",16.80%,"5,035",15.60%,"2,872",19.30%,"1,115",14.20%,"1,227",12.80%,"10,567",15.60%,283,8.80%,"13,842",17.20%,517,11.20%,681,8.20%,"10,910",14.30%,"16,726",19.20%,835,14.00%,"26,823",15.60%,"2,717",12.80%,"1,284",10.00%,"2,289",13.40%,"1,351",11.60%,"1,851",11.80%,"3,050",12.20%,"1,268",12.20%,"12,332",20.60%,"1,113",11.80%,664,7.50%,"8,043",15.40%,"2,525",9.70%,"41,117",19.50%,"3,363",12.20%,900,12.70%,"16,470",11.60%,"1,103",9.40%,"4,964",19.70%,"7,609",20.10%,"3,645",14.20%,494,8.00%,"23,371",19.70%,88,2.20%,981,8.70%,758,8.00%,"2,571",17.10%,"4,802",14.40%,"2,639",8.10%,"8,751",17.40%,"23,772",14.60%,"1,393",18.90%,"23,874",19.00%,"5,931",14.50%,"1,337",11.50%,"1,635",13.60%,"24,088",22.10%
        Cohabiting couple household,"114,930",5.70%,"4,545",6.70%,879,6.40%,167,3.40%,480,5.80%,430,3.60%,236,3.60%,983,5.20%,309,4.40%,631,5.50%,"3,182",5.20%,"6,714",6.50%,"2,107",6.00%,"4,928",6.40%,"1,582",4.90%,106,2.70%,"1,685",5.50%,330,3.90%,"4,592",7.10%,"1,860",6.00%,597,4.70%,252,4.10%,132,2.70%,"2,213",6.10%,"1,011",5.30%,"1,901",4.60%,"6,882",5.40%,883,7.90%,"1,361",8.50%,"4,183",6.20%,609,3.70%,"1,285",6.30%,"9,739",7.20%,"1,769",9.10%,"9,315",6.10%,"1,822",6.90%,"6,688",7.40%,285,6.90%,171,5.40%,"1,241",5.80%,460,6.80%,"14,550",6.80%,"1,191",5.90%,"3,069",6.40%,"1,594",6.00%,"2,590",5.20%,413,4.90%,"1,042",5.60%,270,13.50%,"4,346",6.00%,"1,173",6.60%,"5,112",6.40%,169,4.40%,"1,962",8.20%,"1,867",8.20%,"2,076",5.90%,"1,009",5.50%,855,4.90%,392,4.60%,539,5.80%,"31,728",7.10%,242,3.70%,485,5.10%,"1,622",3.90%,"2,517",6.70%,"7,825",7.80%,358,4.80%,"3,960",5.60%,"2,969",5.30%,298,5.80%,793,5.10%,"1,525",6.60%,166,3.00%,"1,038",6.40%,"5,559",7.70%,446,5.20%,"3,853",6.90%,786,4.70%,"2,470",5.80%,"1,967",5.10%,"3,796",6.70%,"1,407",5.40%,"1,428",6.70%,557,4.60%,"1,614",6.80%,"1,132",6.00%,"1,834",6.30%,324,5.70%,738,5.10%,50,3.70%,"3,668",4.60%,909,5.60%,"27,488",6.40%,351,4.60%,241,4.90%,"1,175",5.50%,"3,409",7.30%,"1,895",7.00%,"1,751",5.40%,700,4.70%,312,4.00%,558,5.80%,"3,768",5.50%,105,3.30%,"4,554",5.70%,222,4.80%,259,3.10%,"3,224",4.20%,"5,279",6.10%,230,3.90%,"10,270",6.00%,"1,075",5.00%,855,6.60%,"1,036",6.10%,460,3.90%,"1,152",7.40%,"1,410",5.60%,818,7.80%,"3,455",5.80%,530,5.60%,210,2.40%,"2,509",4.80%,"1,248",4.80%,"12,455",5.90%,"1,305",4.70%,362,5.10%,"10,121",7.10%,822,7.00%,"1,251",5.00%,"1,660",4.40%,"1,409",5.50%,474,7.60%,"7,335",6.20%,57,1.40%,560,5.00%,589,6.20%,788,5.20%,"1,118",3.40%,"1,588",4.90%,"2,309",4.60%,"10,091",6.20%,311,4.20%,"7,929",6.30%,"1,900",4.60%,567,4.90%,377,3.10%,"6,325",5.80%
            With children of the householder under 18 years,"39,835",2.00%,"1,792",2.70%,300,2.20%,42,0.90%,75,0.90%,125,1.10%,55,0.80%,277,1.50%,20,0.30%,259,2.30%,750,1.20%,"1,556",1.50%,875,2.50%,"1,975",2.60%,625,1.90%,18,0.50%,448,1.50%,140,1.60%,"2,037",3.20%,388,1.20%,182,1.40%,16,0.30%,9,0.20%,"1,156",3.20%,281,1.50%,459,1.10%,"2,527",2.00%,294,2.60%,454,2.80%,"1,410",2.10%,197,1.20%,574,2.80%,"2,823",2.10%,"1,214",6.30%,"3,197",2.10%,791,3.00%,"2,389",2.60%,110,2.70%,44,1.40%,521,2.40%,162,2.40%,"5,276",2.50%,303,1.50%,"1,292",2.70%,621,2.30%,877,1.80%,182,2.20%,472,2.60%,170,8.50%,"1,625",2.20%,279,1.60%,"1,924",2.40%,27,0.70%,872,3.60%,755,3.30%,653,1.90%,516,2.80%,264,1.50%,85,1.00%,183,2.00%,"8,150",1.80%,60,0.90%,300,3.20%,465,1.10%,"1,000",2.60%,"1,194",1.20%,196,2.60%,"1,235",1.70%,568,1.00%,91,1.80%,195,1.30%,465,2.00%,86,1.50%,435,2.70%,"1,531",2.10%,113,1.30%,"1,642",2.90%,398,2.40%,"1,220",2.90%,714,1.80%,"1,351",2.40%,688,2.60%,780,3.60%,250,2.00%,723,3.00%,294,1.50%,845,2.90%,114,2.00%,128,0.90%,20,1.50%,"1,629",2.00%,362,2.20%,"6,778",1.60%,209,2.70%,67,1.40%,153,0.70%,"1,370",2.90%,652,2.40%,799,2.50%,348,2.30%,74,0.90%,129,1.30%,"1,181",1.70%,10,0.30%,"2,043",2.50%,61,1.30%,135,1.60%,893,1.20%,"1,566",1.80%,60,1.00%,"1,529",0.90%,421,2.00%,436,3.40%,399,2.30%,164,1.40%,355,2.30%,602,2.40%,439,4.20%,"1,392",2.30%,253,2.70%,90,1.00%,968,1.90%,532,2.00%,"4,752",2.30%,611,2.20%,128,1.80%,"3,081",2.20%,355,3.00%,504,2.00%,664,1.80%,447,1.70%,326,5.20%,"2,942",2.50%,4,0.10%,90,0.80%,226,2.40%,255,1.70%,318,1.00%,607,1.90%,827,1.60%,"3,229",2.00%,148,2.00%,"3,359",2.70%,855,2.10%,255,2.20%,91,0.80%,"2,103",1.90%
"        Male householder, no spouse/partner present","356,625",17.60%,"10,264",15.20%,"2,025",14.70%,938,19.00%,"1,795",21.70%,"1,734",14.70%,"1,064",16.40%,"3,050",16.10%,"1,168",16.70%,"1,874",16.50%,"7,705",12.60%,"18,830",18.30%,"6,011",17.10%,"9,472",12.30%,"5,942",18.50%,479,12.40%,"5,087",16.70%,"1,313",15.40%,"11,057",17.20%,"3,936",12.60%,"2,484",19.50%,"1,124",18.10%,930,19.00%,"6,308",17.30%,"3,760",19.60%,"7,383",18.00%,"25,228",19.90%,"1,538",13.80%,"2,913",18.10%,"11,153",16.50%,"2,611",15.90%,"3,519",17.30%,"26,203",19.30%,"3,302",17.10%,"27,207",17.80%,"3,330",12.60%,"15,925",17.60%,793,19.10%,713,22.40%,"3,236",15.00%,"1,331",19.60%,"38,771",18.20%,"3,409",16.90%,"8,639",18.00%,"4,430",16.70%,"7,502",15.20%,"1,654",19.80%,"3,179",17.20%,343,17.10%,"11,117",15.40%,"3,883",21.90%,"10,415",13.10%,713,18.70%,"3,782",15.70%,"4,734",20.90%,"5,409",15.50%,"2,987",16.40%,"3,205",18.40%,"1,529",18.10%,"1,939",20.80%,"86,981",19.50%,893,13.80%,"1,620",17.00%,"6,770",16.20%,"6,436",17.00%,"18,363",18.40%,"1,433",19.20%,"11,265",15.90%,"9,732",17.50%,939,18.30%,"2,619",17.00%,"3,682",15.80%,973,17.50%,"2,612",16.20%,"15,200",21.10%,"1,297",15.20%,"9,538",17.10%,"3,476",20.90%,"8,219",19.30%,"6,758",17.50%,"9,579",16.90%,"5,002",19.00%,"3,630",17.00%,"2,569",21.00%,"4,161",17.50%,"3,411",18.00%,"5,106",17.60%,"1,010",17.80%,"2,168",15.10%,188,13.90%,"8,662",10.80%,"2,786",17.30%,"69,958",16.30%,"1,581",20.60%,999,20.40%,"4,827",22.80%,"8,359",17.80%,"4,402",16.20%,"5,645",17.50%,"2,537",17.10%,"1,265",16.10%,"1,705",17.70%,"12,028",17.70%,707,22.00%,"13,492",16.80%,871,18.90%,"1,550",18.60%,"10,897",14.30%,"14,702",16.90%,"1,235",20.80%,"34,551",20.10%,"4,274",20.10%,"2,390",18.50%,"3,116",18.20%,"1,779",15.20%,"3,412",21.80%,"5,109",20.40%,"1,815",17.40%,"8,787",14.70%,"1,453",15.50%,"2,146",24.40%,"9,429",18.00%,"4,040",15.50%,"36,805",17.50%,"5,128",18.60%,"1,486",21.00%,"24,008",16.90%,"2,133",18.10%,"4,026",16.00%,"4,964",13.10%,"4,526",17.60%,"1,227",19.80%,"19,729",16.60%,632,16.00%,"2,178",19.30%,"2,248",23.80%,"2,717",18.10%,"5,840",17.60%,"6,545",20.00%,"9,748",19.40%,"32,878",20.20%,"1,398",19.00%,"20,247",16.10%,"7,769",19.00%,"2,353",20.30%,"2,310",19.30%,"16,242",14.90%
            With children of the householder under 18 years,"20,998",1.00%,427,0.60%,351,2.60%,6,0.10%,69,0.80%,111,0.90%,54,0.80%,201,1.10%,67,1.00%,92,0.80%,412,0.70%,"1,008",1.00%,461,1.30%,478,0.60%,423,1.30%,122,3.20%,260,0.90%,40,0.50%,832,1.30%,290,0.90%,72,0.60%,110,1.80%,44,0.90%,694,1.90%,200,1.00%,816,2.00%,"1,768",1.40%,297,2.70%,157,1.00%,930,1.40%,352,2.10%,251,1.20%,"1,684",1.20%,355,1.80%,"1,985",1.30%,203,0.80%,"1,406",1.60%,13,0.30%,33,1.00%,287,1.30%,102,1.50%,"2,722",1.30%,248,1.20%,604,1.30%,134,0.50%,310,0.60%,62,0.70%,165,0.90%,35,1.70%,907,1.30%,151,0.90%,"1,075",1.40%,36,0.90%,426,1.80%,131,0.60%,259,0.70%,189,1.00%,113,0.60%,160,1.90%,61,0.70%,"5,808",1.30%,40,0.60%,46,0.50%,319,0.80%,325,0.90%,796,0.80%,91,1.20%,972,1.40%,493,0.90%,19,0.40%,156,1.00%,229,1.00%,58,1.00%,255,1.60%,848,1.20%,42,0.50%,674,1.20%,244,1.50%,690,1.60%,493,1.30%,565,1.00%,473,1.80%,239,1.10%,202,1.70%,378,1.60%,206,1.10%,286,1.00%,140,2.50%,116,0.80%,2,0.10%,925,1.20%,263,1.60%,"5,193",1.20%,68,0.90%,0,0.00%,109,0.50%,564,1.20%,268,1.00%,410,1.30%,103,0.70%,77,1.00%,83,0.90%,"1,006",1.50%,4,0.10%,815,1.00%,3,0.10%,8,0.10%,425,0.60%,904,1.00%,59,1.00%,"1,743",1.00%,266,1.20%,158,1.20%,176,1.00%,81,0.70%,142,0.90%,446,1.80%,94,0.90%,426,0.70%,81,0.90%,59,0.70%,436,0.80%,175,0.70%,"2,950",1.40%,340,1.20%,40,0.60%,"1,539",1.10%,84,0.70%,181,0.70%,310,0.80%,261,1.00%,0,0.00%,"1,485",1.30%,44,1.10%,50,0.40%,31,0.30%,251,1.70%,418,1.30%,143,0.40%,521,1.00%,"1,347",0.80%,219,3.00%,"1,456",1.20%,286,0.70%,171,1.50%,67,0.60%,"1,214",1.10%
            Householder living alone,"260,432",12.90%,"8,156",12.10%,"1,528",11.10%,655,13.30%,"1,492",18.00%,"1,321",11.20%,838,12.90%,"2,327",12.30%,884,12.70%,"1,537",13.50%,"5,703",9.40%,"13,467",13.10%,"4,227",12.00%,"6,914",9.00%,"4,480",13.90%,280,7.20%,"3,980",13.10%,"1,070",12.60%,"7,729",12.00%,"2,819",9.10%,"1,900",14.90%,855,13.80%,738,15.10%,"4,458",12.20%,"2,887",15.00%,"5,281",12.90%,"19,103",15.10%,"1,025",9.20%,"2,364",14.70%,"7,806",11.50%,"1,880",11.40%,"2,478",12.20%,"19,070",14.10%,"2,293",11.90%,"20,183",13.20%,"2,536",9.60%,"11,161",12.30%,661,16.00%,626,19.70%,"2,337",10.90%,"1,099",16.20%,"27,629",13.00%,"2,673",13.30%,"6,492",13.60%,"3,632",13.70%,"5,952",12.00%,"1,289",15.40%,"2,701",14.60%,293,14.60%,"8,045",11.10%,"2,538",14.30%,"7,435",9.40%,541,14.20%,"2,337",9.70%,"3,856",17.00%,"3,916",11.20%,"1,907",10.50%,"2,446",14.10%,"1,111",13.20%,"1,232",13.20%,"64,006",14.30%,679,10.50%,"1,176",12.40%,"5,327",12.70%,"5,075",13.40%,"13,570",13.60%,"1,217",16.30%,"7,798",11.00%,"6,547",11.80%,820,16.00%,"1,959",12.70%,"3,008",12.90%,719,12.90%,"1,903",11.80%,"9,832",13.60%,"1,035",12.10%,"6,891",12.30%,"2,287",13.80%,"5,792",13.60%,"4,965",12.80%,"6,899",12.20%,"3,374",12.80%,"2,542",11.90%,"1,927",15.80%,"2,834",11.90%,"2,947",15.50%,"3,742",12.90%,657,11.60%,"1,653",11.50%,141,10.40%,"5,697",7.10%,"1,929",12.00%,"49,420",11.50%,"1,266",16.50%,932,19.00%,"2,882",13.60%,"6,061",12.90%,"3,259",12.00%,"4,120",12.80%,"1,892",12.70%,977,12.40%,"1,343",14.00%,"8,791",12.90%,547,17.00%,"10,189",12.70%,788,17.10%,"1,226",14.70%,"8,071",10.60%,"9,674",11.10%,"1,074",18.00%,"25,207",14.70%,"3,056",14.40%,"1,812",14.10%,"2,204",12.90%,"1,375",11.80%,"2,708",17.30%,"4,032",16.10%,"1,343",12.90%,"6,639",11.10%,"1,019",10.80%,"1,699",19.30%,"7,329",14.00%,"3,021",11.60%,"26,369",12.50%,"3,833",13.90%,"1,322",18.70%,"17,687",12.40%,"1,512",12.80%,"3,123",12.40%,"3,746",9.90%,"3,162",12.30%,"1,063",17.10%,"13,781",11.60%,488,12.40%,"1,593",14.20%,"1,907",20.20%,"1,876",12.50%,"4,431",13.30%,"5,132",15.70%,"6,081",12.10%,"24,136",14.80%,897,12.20%,"14,393",11.50%,"5,928",14.50%,"1,808",15.60%,"1,702",14.20%,"11,315",10.40%
                65 years and over,"78,213",3.90%,"2,389",3.50%,814,5.90%,280,5.70%,469,5.70%,512,4.30%,239,3.70%,824,4.30%,378,5.40%,556,4.90%,"2,577",4.20%,"4,554",4.40%,"1,610",4.60%,"1,924",2.50%,"1,852",5.80%,90,2.30%,"1,427",4.70%,412,4.80%,"2,561",4.00%,"1,485",4.80%,853,6.70%,269,4.30%,412,8.40%,"1,808",4.90%,"1,136",5.90%,"1,997",4.90%,"4,178",3.30%,380,3.40%,917,5.70%,"2,819",4.20%,682,4.10%,819,4.00%,"4,004",3.00%,992,5.10%,"5,174",3.40%,791,3.00%,"3,539",3.90%,288,6.90%,217,6.80%,658,3.10%,329,4.80%,"7,178",3.40%,956,4.70%,"1,775",3.70%,"1,662",6.30%,"2,214",4.50%,409,4.90%,663,3.60%,112,5.60%,"2,358",3.30%,819,4.60%,"2,025",2.60%,196,5.10%,853,3.50%,"1,646",7.30%,"1,386",4.00%,635,3.50%,831,4.80%,593,7.00%,568,6.10%,"9,630",2.20%,357,5.50%,418,4.40%,"1,950",4.70%,"1,947",5.20%,"3,855",3.90%,566,7.60%,"1,930",2.70%,"1,862",3.40%,331,6.50%,619,4.00%,"1,029",4.40%,301,5.40%,629,3.90%,"2,293",3.20%,396,4.60%,"2,343",4.20%,788,4.70%,"1,675",3.90%,"1,831",4.70%,"2,256",4.00%,"1,377",5.20%,809,3.80%,618,5.10%,994,4.20%,"1,011",5.30%,"1,283",4.40%,140,2.50%,768,5.40%,66,4.90%,"1,636",2.00%,484,3.00%,"8,952",2.10%,461,6.00%,420,8.60%,"1,099",5.20%,"1,722",3.70%,"1,263",4.60%,"1,262",3.90%,807,5.40%,378,4.80%,503,5.20%,"2,699",4.00%,164,5.10%,"3,461",4.30%,410,8.90%,525,6.30%,"3,071",4.00%,"2,790",3.20%,458,7.70%,"6,099",3.60%,959,4.50%,654,5.10%,548,3.20%,648,5.50%,729,4.70%,"1,296",5.20%,358,3.40%,"1,557",2.60%,363,3.90%,629,7.20%,"1,847",3.50%,"1,417",5.40%,"7,162",3.40%,"1,211",4.40%,530,7.50%,"6,962",4.90%,513,4.30%,834,3.30%,"1,532",4.00%,889,3.50%,359,5.80%,"3,860",3.30%,189,4.80%,454,4.00%,710,7.50%,654,4.40%,"1,457",4.40%,"1,723",5.30%,"1,970",3.90%,"5,145",3.20%,332,4.50%,"4,405",3.50%,"1,731",4.20%,515,4.40%,672,5.60%,"3,219",3.00%
"        Female householder, no spouse/partner present","599,578",29.60%,"20,707",30.70%,"3,129",22.70%,"1,121",22.70%,"2,951",35.70%,"3,258",27.60%,"1,588",24.50%,"5,787",30.50%,"2,672",38.30%,"4,143",36.40%,"14,559",23.90%,"29,400",28.60%,"9,326",26.50%,"18,974",24.70%,"9,292",28.90%,809,20.90%,"7,991",26.30%,"2,393",28.10%,"17,089",26.50%,"7,411",23.80%,"3,124",24.50%,"1,913",30.80%,"1,242",25.40%,"10,991",30.10%,"6,204",32.30%,"11,243",27.40%,"43,061",34.00%,"1,961",17.70%,"3,557",22.10%,"17,024",25.20%,"4,352",26.40%,"5,426",26.70%,"47,370",35.00%,"6,945",35.90%,"50,309",32.90%,"6,839",25.80%,"25,816",28.50%,986,23.80%,633,19.90%,"5,951",27.70%,"2,258",33.20%,"70,500",33.10%,"7,664",38.10%,"11,806",24.70%,"7,459",28.20%,"12,624",25.50%,"3,102",37.10%,"5,622",30.40%,530,26.50%,"17,091",23.60%,"5,072",28.60%,"18,477",23.30%,"1,174",30.80%,"6,926",28.80%,"7,958",35.10%,"7,610",21.80%,"4,668",25.70%,"4,805",27.60%,"1,998",23.70%,"3,238",34.70%,"141,150",31.60%,"2,002",30.90%,"2,718",28.60%,"10,749",25.70%,"12,724",33.70%,"30,522",30.50%,"2,572",34.50%,"15,918",22.40%,"15,359",27.70%,"1,352",26.40%,"4,445",28.80%,"5,320",22.90%,"1,521",27.30%,"4,717",29.20%,"25,781",35.70%,"2,326",27.20%,"14,061",25.20%,"6,047",36.40%,"15,598",36.70%,"12,023",31.10%,"15,781",27.90%,"7,688",29.30%,"5,905",27.60%,"4,546",37.20%,"5,980",25.20%,"5,024",26.50%,"7,509",25.90%,"1,719",30.20%,"4,024",28.00%,432,32.00%,"14,802",18.40%,"6,385",39.60%,"111,808",26.00%,"2,826",36.80%,"1,892",38.60%,"6,176",29.10%,"14,419",30.70%,"7,272",26.70%,"10,894",33.70%,"3,584",24.10%,"1,920",24.40%,"2,679",27.80%,"18,548",27.30%,"1,429",44.40%,"20,851",26.00%,"1,712",37.10%,"3,455",41.40%,"18,779",24.70%,"23,014",26.50%,"1,790",30.10%,"52,614",30.60%,"6,898",32.40%,"3,935",30.50%,"5,656",33.00%,"4,320",37.00%,"4,695",30.00%,"8,741",34.90%,"3,996",38.30%,"15,761",26.40%,"2,864",30.50%,"3,017",34.30%,"17,649",33.80%,"7,729",29.70%,"59,293",28.20%,"10,358",37.50%,"2,292",32.40%,"38,904",27.30%,"3,329",28.20%,"6,509",25.80%,"10,275",27.10%,"7,941",30.80%,"2,376",38.20%,"32,475",27.40%,"1,297",32.90%,"5,096",45.30%,"3,651",38.60%,"4,296",28.60%,"9,088",27.30%,"12,914",39.50%,"13,492",26.80%,"58,331",35.80%,"1,606",21.80%,"34,926",27.90%,"13,310",32.50%,"3,988",34.40%,"4,780",39.80%,"28,919",26.50%
            With children of the householder under 18 years,"118,007",5.80%,"3,855",5.70%,281,2.00%,162,3.30%,657,7.90%,489,4.10%,256,4.00%,"1,124",5.90%,482,6.90%,663,5.80%,"1,545",2.50%,"4,240",4.10%,"1,392",4.00%,"4,805",6.30%,"1,597",5.00%,171,4.40%,860,2.80%,450,5.30%,"3,277",5.10%,997,3.20%,342,2.70%,444,7.10%,45,0.90%,"2,054",5.60%,"1,193",6.20%,"2,172",5.30%,"10,732",8.50%,474,4.30%,433,2.70%,"3,493",5.20%,248,1.50%,"1,147",5.70%,"7,788",5.70%,"1,694",8.80%,"10,741",7.00%,"1,615",6.10%,"4,923",5.40%,161,3.90%,126,4.00%,"1,144",5.30%,454,6.70%,"15,111",7.10%,"2,010",10.00%,"2,796",5.80%,"1,280",4.80%,"1,977",4.00%,582,7.00%,"1,268",6.90%,87,4.30%,"3,488",4.80%,766,4.30%,"3,713",4.70%,126,3.30%,"1,629",6.80%,"2,196",9.70%,"1,250",3.60%,891,4.90%,552,3.20%,178,2.10%,642,6.90%,"28,052",6.30%,304,4.70%,661,7.00%,"1,399",3.30%,"2,566",6.80%,"4,089",4.10%,297,4.00%,"4,385",6.20%,"2,052",3.70%,105,2.00%,978,6.30%,939,4.00%,321,5.80%,731,4.50%,"5,750",8.00%,254,3.00%,"2,477",4.40%,"1,612",9.70%,"3,742",8.80%,"2,115",5.50%,"3,168",5.60%,"1,343",5.10%,"1,144",5.30%,"1,084",8.90%,"1,156",4.90%,922,4.90%,"1,424",4.90%,322,5.70%,699,4.90%,75,5.60%,"3,182",4.00%,"1,508",9.40%,"21,065",4.90%,644,8.40%,472,9.60%,469,2.20%,"3,243",6.90%,"1,181",4.30%,"2,124",6.60%,576,3.90%,340,4.30%,434,4.50%,"3,483",5.10%,327,10.20%,"3,495",4.40%,399,8.70%,929,11.10%,"3,468",4.60%,"5,701",6.60%,342,5.70%,"7,313",4.30%,"1,111",5.20%,607,4.70%,"1,147",6.70%,508,4.30%,887,5.70%,"1,801",7.20%,"1,096",10.50%,"4,156",7.00%,686,7.30%,701,8.00%,"3,342",6.40%,"1,165",4.50%,"10,891",5.20%,"2,374",8.60%,587,8.30%,"6,448",4.50%,609,5.20%,"1,279",5.10%,"1,907",5.00%,"1,674",6.50%,465,7.50%,"6,626",5.60%,196,5.00%,"1,344",11.90%,599,6.30%,"1,034",6.90%,"1,665",5.00%,"2,863",8.80%,"1,594",3.20%,"13,819",8.50%,275,3.70%,"7,729",6.20%,"3,001",7.30%,873,7.50%,611,5.10%,"6,446",5.90%
            Householder living alone,"328,515",16.20%,"12,194",18.10%,"1,859",13.50%,806,16.30%,"1,457",17.60%,"2,048",17.30%,989,15.30%,"3,103",16.40%,"1,524",21.80%,"2,391",21.00%,"9,643",15.80%,"18,792",18.30%,"5,581",15.90%,"9,833",12.80%,"4,912",15.30%,418,10.80%,"5,486",18.00%,"1,098",12.90%,"9,570",14.90%,"5,096",16.40%,"1,961",15.40%,"1,139",18.30%,900,18.40%,"5,873",16.10%,"3,358",17.50%,"6,964",17.00%,"22,425",17.70%,"1,091",9.80%,"2,314",14.40%,"9,548",14.10%,"2,815",17.10%,"3,037",15.00%,"28,172",20.80%,"3,125",16.10%,"29,543",19.30%,"3,479",13.10%,"14,393",15.90%,606,14.60%,376,11.80%,"2,977",13.80%,"1,091",16.10%,"38,407",18.00%,"3,790",18.80%,"6,154",12.90%,"4,702",17.80%,"7,977",16.10%,"1,647",19.70%,"3,239",17.50%,323,16.10%,"9,067",12.50%,"3,052",17.20%,"10,459",13.20%,662,17.40%,"3,563",14.80%,"3,978",17.60%,"4,190",12.00%,"2,595",14.30%,"3,356",19.30%,"1,443",17.10%,"1,823",19.50%,"82,149",18.40%,"1,400",21.60%,"1,459",15.30%,"6,668",16.00%,"6,731",17.80%,"19,985",20.00%,"1,477",19.80%,"8,000",11.30%,"9,392",16.90%,849,16.50%,"2,335",15.10%,"3,242",13.90%,848,15.20%,"2,633",16.30%,"13,140",18.20%,"1,677",19.60%,"8,454",15.10%,"3,063",18.40%,"7,307",17.20%,"6,953",18.00%,"8,569",15.10%,"4,574",17.40%,"3,278",15.30%,"2,168",17.70%,"3,660",15.40%,"2,860",15.10%,"4,709",16.20%,919,16.20%,"2,361",16.40%,201,14.90%,"7,381",9.20%,"2,838",17.60%,"64,981",15.10%,"1,391",18.10%,"1,001",20.40%,"3,545",16.70%,"7,355",15.70%,"4,601",16.90%,"6,469",20.00%,"2,318",15.60%,"1,284",16.30%,"1,555",16.20%,"10,264",15.10%,699,21.70%,"11,588",14.40%,835,18.10%,"1,781",21.30%,"11,488",15.10%,"11,432",13.10%,874,14.70%,"31,646",18.40%,"4,245",19.90%,"2,052",15.90%,"3,212",18.80%,"2,400",20.50%,"2,366",15.10%,"4,411",17.60%,"1,630",15.60%,"7,847",13.10%,"1,359",14.50%,"1,148",13.10%,"9,208",17.60%,"4,305",16.50%,"33,721",16.00%,"5,791",21.00%,"1,048",14.80%,"23,348",16.40%,"1,854",15.70%,"3,554",14.10%,"6,161",16.30%,"4,091",15.90%,"1,263",20.30%,"17,899",15.10%,726,18.40%,"2,419",21.50%,"2,085",22.00%,"2,188",14.60%,"5,126",15.40%,"6,477",19.80%,"7,921",15.70%,"30,417",18.70%,893,12.10%,"18,225",14.50%,"6,858",16.80%,"2,096",18.10%,"2,690",22.40%,"15,319",14.10%
                65 years and over,"162,646",8.00%,"6,232",9.30%,"1,218",8.90%,474,9.60%,"1,004",12.10%,"1,334",11.30%,628,9.70%,"1,918",10.10%,937,13.40%,"1,342",11.80%,"5,574",9.20%,"9,901",9.60%,"3,231",9.20%,"4,005",5.20%,"2,905",9.00%,259,6.70%,"3,283",10.80%,765,9.00%,"5,565",8.60%,"3,511",11.30%,"1,123",8.80%,743,12.00%,630,12.90%,"3,220",8.80%,"2,288",11.90%,"3,862",9.40%,"8,725",6.90%,722,6.50%,"1,470",9.10%,"5,761",8.50%,"1,710",10.40%,"1,808",8.90%,"9,014",6.70%,"2,181",11.30%,"13,055",8.50%,"1,936",7.30%,"7,777",8.60%,468,11.30%,206,6.50%,"1,728",8.00%,724,10.70%,"16,212",7.60%,"2,507",12.40%,"3,145",6.60%,"2,864",10.80%,"5,201",10.50%,964,11.50%,"1,091",5.90%,254,12.70%,"4,515",6.20%,"1,395",7.90%,"5,722",7.20%,387,10.10%,"1,856",7.70%,"2,113",9.30%,"1,978",5.70%,"1,492",8.20%,"2,191",12.60%,820,9.70%,"1,194",12.80%,"25,213",5.60%,982,15.20%,982,10.30%,"4,001",9.60%,"3,793",10.00%,"9,270",9.30%,"1,009",13.50%,"3,311",4.70%,"3,920",7.10%,546,10.60%,"1,285",8.30%,"1,873",8.10%,569,10.20%,"1,822",11.30%,"4,661",6.50%,"1,139",13.30%,"4,682",8.40%,"1,770",10.70%,"3,398",8.00%,"3,676",9.50%,"5,064",8.90%,"2,829",10.80%,"2,065",9.70%,"1,227",10.00%,"2,274",9.60%,"1,957",10.30%,"2,956",10.20%,561,9.90%,"1,624",11.30%,128,9.50%,"3,914",4.90%,"1,711",10.60%,"24,556",5.70%,930,12.10%,566,11.60%,"1,302",6.10%,"4,128",8.80%,"2,792",10.20%,"3,434",10.60%,"1,514",10.20%,912,11.60%,983,10.20%,"5,309",7.80%,450,14.00%,"6,390",8.00%,549,11.90%,797,9.60%,"7,120",9.40%,"5,438",6.30%,498,8.40%,"13,354",7.80%,"1,892",8.90%,"1,207",9.40%,"1,625",9.50%,"1,485",12.70%,"1,352",8.60%,"2,281",9.10%,843,8.10%,"3,593",6.00%,847,9.00%,569,6.50%,"4,773",9.10%,"2,972",11.40%,"14,987",7.10%,"2,804",10.10%,570,8.00%,"12,779",9.00%,906,7.70%,"1,999",7.90%,"3,539",9.30%,"2,194",8.50%,599,9.60%,"8,769",7.40%,484,12.30%,"1,301",11.60%,945,10.00%,"1,315",8.80%,"2,653",8.00%,"3,494",10.70%,"4,090",8.10%,"12,009",7.40%,569,7.70%,"9,395",7.50%,"3,547",8.70%,939,8.10%,"1,594",13.30%,"6,838",6.30%
        Households with one or more people under 18 years,"580,739",28.70%,"20,427",30.30%,"4,089",29.70%,"1,040",21.10%,"2,065",25.00%,"2,645",22.40%,"1,548",23.90%,"4,530",23.90%,"1,686",24.10%,"2,924",25.70%,"11,104",18.20%,"24,336",23.60%,"9,704",27.60%,"28,452",37.00%,"8,960",27.90%,"1,595",41.20%,"6,912",22.70%,"2,217",26.10%,"19,604",30.40%,"8,417",27.00%,"2,235",17.50%,"1,479",23.80%,774,15.80%,"10,648",29.10%,"5,334",27.80%,"11,357",27.70%,"40,423",31.90%,"3,569",32.10%,"3,857",24.00%,"20,997",31.00%,"4,502",27.30%,"6,323",31.20%,"34,849",25.70%,"6,091",31.50%,"43,721",28.60%,"8,517",32.20%,"27,843",30.80%,868,20.90%,855,26.90%,"6,262",29.10%,"2,057",30.30%,"64,631",30.40%,"5,506",27.30%,"16,886",35.30%,"6,462",24.40%,"11,847",23.90%,"2,029",24.30%,"6,664",36.10%,391,19.50%,"24,261",33.60%,"3,425",19.30%,"29,730",37.40%,916,24.00%,"8,039",33.40%,"6,405",28.30%,"10,504",30.10%,"5,201",28.60%,"3,901",22.40%,"2,117",25.10%,"2,359",25.30%,"136,017",30.50%,"1,453",22.40%,"2,499",26.30%,"11,034",26.40%,"10,951",29.00%,"22,433",22.40%,"1,729",23.20%,"27,057",38.10%,"15,206",27.40%,"1,033",20.10%,"4,566",29.60%,"7,504",32.30%,"1,259",22.60%,"4,304",26.70%,"20,280",28.10%,"1,644",19.20%,"16,659",29.80%,"5,235",31.50%,"13,410",31.50%,"10,968",28.30%,"16,964",30.00%,"6,976",26.60%,"6,695",31.30%,"3,605",29.50%,"7,122",30.00%,"5,001",26.30%,"8,369",28.90%,"1,643",28.90%,"2,875",20.00%,374,27.70%,"33,821",42.10%,"5,298",32.90%,"144,494",33.60%,"1,772",23.10%,"1,137",23.20%,"3,713",17.50%,"14,567",31.00%,"7,424",27.20%,"9,470",29.30%,"4,241",28.60%,"1,833",23.30%,"2,255",23.40%,"19,239",28.30%,749,23.30%,"23,535",29.30%,"1,207",26.20%,"2,050",24.60%,"17,637",23.20%,"28,066",32.30%,"1,616",27.20%,"41,740",24.30%,"5,565",26.10%,"3,356",26.00%,"5,025",29.40%,"2,997",25.70%,"4,025",25.70%,"7,051",28.20%,"3,357",32.20%,"20,585",34.50%,"2,668",28.40%,"2,144",24.40%,"15,602",29.90%,"5,617",21.60%,"65,227",31.00%,"7,734",28.00%,"1,978",27.90%,"32,172",22.60%,"3,085",26.20%,"7,749",30.70%,"11,727",30.90%,"7,393",28.70%,"1,682",27.10%,"38,573",32.50%,469,11.90%,"3,154",28.00%,"2,111",22.30%,"4,597",30.60%,"8,136",24.50%,"7,809",23.90%,"13,387",26.60%,"48,208",29.60%,"2,333",31.70%,"41,280",32.90%,"12,028",29.40%,"3,211",27.70%,"3,099",25.80%,"37,511",34.40%
        Households with one or more people 65 years and over,"660,402",32.60%,"21,059",31.30%,"5,121",37.20%,"2,058",41.70%,"3,228",39.10%,"4,886",41.30%,"2,698",41.60%,"7,560",39.80%,"2,985",42.70%,"4,752",41.70%,"29,765",48.90%,"36,633",35.60%,"12,810",36.40%,"19,894",25.90%,"12,157",37.80%,"1,329",34.30%,"12,352",40.60%,"3,443",40.50%,"21,347",33.10%,"13,489",43.30%,"5,916",46.40%,"2,605",41.90%,"2,449",50.10%,"13,350",36.50%,"7,594",39.60%,"14,477",35.30%,"30,682",24.20%,"3,468",31.20%,"6,328",39.40%,"23,085",34.10%,"6,523",39.60%,"7,210",35.50%,"32,153",23.70%,"7,475",38.60%,"45,706",29.90%,"8,453",31.90%,"27,429",30.30%,"1,573",38.00%,"1,233",38.80%,"7,131",33.20%,"2,344",34.50%,"59,910",28.10%,"7,919",39.30%,"12,396",25.90%,"11,118",42.00%,"20,766",42.00%,"3,348",40.10%,"4,211",22.80%,775,38.70%,"21,456",29.70%,"6,269",35.30%,"21,354",26.90%,"1,611",42.20%,"7,675",31.90%,"8,341",36.80%,"11,299",32.40%,"6,595",36.30%,"7,656",44.00%,"3,354",39.70%,"4,109",44.00%,"92,387",20.70%,"2,836",43.80%,"3,759",39.50%,"16,310",39.00%,"12,897",34.10%,"30,214",30.20%,"3,499",46.90%,"14,215",20.00%,"15,393",27.70%,"2,483",48.40%,"5,011",32.50%,"7,991",34.40%,"2,582",46.40%,"6,017",37.30%,"17,781",24.60%,"4,222",49.40%,"18,603",33.30%,"5,610",33.80%,"13,408",31.50%,"13,788",35.60%,"18,918",33.40%,"10,150",38.60%,"7,467",34.90%,"4,331",35.40%,"8,296",34.90%,"7,116",37.50%,"10,355",35.70%,"1,990",35.00%,"7,091",49.40%,559,41.40%,"21,115",26.30%,"5,709",35.40%,"96,346",22.40%,"3,490",45.40%,"2,152",43.90%,"6,216",29.30%,"14,851",31.60%,"10,380",38.10%,"11,075",34.30%,"5,345",36.00%,"3,345",42.60%,"3,794",39.40%,"23,650",34.80%,"1,282",39.80%,"26,114",32.50%,"2,118",45.90%,"2,723",32.60%,"34,241",45.00%,"23,972",27.60%,"2,471",41.50%,"50,522",29.40%,"6,863",32.20%,"4,595",35.60%,"5,809",33.90%,"5,342",45.70%,"5,173",33.00%,"8,639",34.50%,"3,483",33.40%,"16,019",26.80%,"3,475",37.00%,"3,272",37.20%,"16,850",32.30%,"12,942",49.70%,"61,141",29.10%,"9,386",34.00%,"2,463",34.80%,"59,694",41.90%,"4,291",36.40%,"8,351",33.10%,"14,012",37.00%,"8,580",33.30%,"2,381",38.30%,"35,340",29.80%,"2,294",58.10%,"4,284",38.10%,"3,667",38.80%,"5,124",34.10%,"12,808",38.50%,"12,731",38.90%,"15,567",30.90%,"41,990",25.80%,"2,641",35.90%,"38,279",30.50%,"13,165",32.20%,"3,988",34.40%,"4,974",41.50%,"29,902",27.40%
        Average household size,2.47,(X),2.48,(X),2.56,(X),2.19,(X),2.45,(X),2.23,(X),2.26,(X),2.33,(X),2.33,(X),2.58,(X),2.28,(X),2.55,(X),2.41,(X),2.92,(X),2.48,(X),2.72,(X),2.21,(X),2.52,(X),2.46,(X),2.44,(X),2.23,(X),2.18,(X),2.27,(X),2.67,(X),2.51,(X),2.35,(X),2.52,(X),2.57,(X),2.3,(X),2.48,(X),2.59,(X),2.41,(X),2.29,(X),2.5,(X),2.44,(X),2.58,(X),2.5,(X),2.52,(X),2.49,(X),2.65,(X),2.61,(X),2.43,(X),2.36,(X),2.75,(X),2.33,(X),2.33,(X),2.34,(X),2.79,(X),2,(X),2.58,(X),2.19,(X),2.74,(X),2.39,(X),2.6,(X),2.37,(X),2.5,(X),2.37,(X),2.11,(X),2.42,(X),2.34,(X),2.46,(X),2.25,(X),2.62,(X),2.38,(X),2.46,(X),2.21,(X),2.25,(X),2.58,(X),2.42,(X),2.24,(X),2.47,(X),2.6,(X),2.33,(X),2.39,(X),2.28,(X),2.25,(X),2.56,(X),2.52,(X),2.68,(X),2.32,(X),2.52,(X),2.41,(X),2.71,(X),2.62,(X),2.55,(X),2.32,(X),2.43,(X),2.43,(X),2.22,(X),2.01,(X),2.96,(X),2.59,(X),2.58,(X),2.33,(X),2.23,(X),2.3,(X),2.44,(X),2.39,(X),2.39,(X),2.49,(X),2.34,(X),2.43,(X),2.46,(X),2.21,(X),2.51,(X),2.64,(X),2.43,(X),2.41,(X),2.62,(X),2.34,(X),2.32,(X),2.59,(X),2.48,(X),2.49,(X),2.55,(X),2.42,(X),2.47,(X),2.67,(X),2.68,(X),2.52,(X),2.34,(X),2.56,(X),2.42,(X),2.45,(X),2.39,(X),2.55,(X),2.46,(X),2.43,(X),2.59,(X),2.53,(X),2.53,(X),2.45,(X),2.47,(X),2.19,(X),2.58,(X),2.56,(X),2.44,(X),2.34,(X),2.47,(X),2.45,(X),2.38,(X),2.52,(X),2.57,(X),2.51,(X),2.31,(X),2.44,(X),2.56,(X)
        Average family size,3.06,(X),3.1,(X),3.02,(X),2.68,(X),3.32,(X),2.69,(X),2.77,(X),2.86,(X),3.06,(X),3.41,(X),2.68,(X),3.2,(X),2.9,(X),3.45,(X),3.05,(X),3.1,(X),2.74,(X),2.99,(X),2.95,(X),2.9,(X),2.73,(X),2.72,(X),2.9,(X),3.26,(X),3.21,(X),2.91,(X),3.23,(X),2.92,(X),2.8,(X),2.97,(X),3.18,(X),2.91,(X),3.01,(X),3.01,(X),3.13,(X),3,(X),3.06,(X),3.1,(X),3.22,(X),3.16,(X),3.3,(X),3.06,(X),2.99,(X),3.36,(X),2.88,(X),2.8,(X),3.02,(X),3.54,(X),2.35,(X),3.04,(X),2.7,(X),3.21,(X),3,(X),3.03,(X),3.04,(X),2.93,(X),2.82,(X),2.67,(X),3.01,(X),2.94,(X),3.19,(X),2.84,(X),3.18,(X),2.92,(X),3.08,(X),2.87,(X),2.92,(X),3.02,(X),3,(X),2.81,(X),2.96,(X),3.17,(X),2.82,(X),2.93,(X),2.89,(X),2.83,(X),3.11,(X),3.25,(X),3.39,(X),2.86,(X),3.07,(X),2.98,(X),3.26,(X),3.32,(X),3.12,(X),2.91,(X),2.97,(X),2.96,(X),2.7,(X),2.35,(X),3.32,(X),3.28,(X),3.17,(X),2.95,(X),3.04,(X),2.82,(X),3,(X),2.93,(X),3.03,(X),3.05,(X),2.88,(X),3.03,(X),3.02,(X),2.99,(X),3.04,(X),3.55,(X),3.18,(X),2.88,(X),3.12,(X),2.96,(X),3,(X),3.37,(X),3.07,(X),3.13,(X),3.26,(X),3.06,(X),3.19,(X),3.29,(X),3.16,(X),3.04,(X),2.94,(X),3.27,(X),2.95,(X),3.03,(X),3.13,(X),3.31,(X),2.99,(X),2.92,(X),3.16,(X),3.01,(X),3.09,(X),3.26,(X),2.99,(X),2.63,(X),3.4,(X),3.72,(X),2.97,(X),2.85,(X),3.24,(X),2.99,(X),3.09,(X),2.96,(X),3.09,(X),3.18,(X),2.94,(X),3.27,(X),3.05,(X)
